pair_id,line_a,line_b,shared_hours,offtrunk_hours,speed_hours,mean_segment_speed_mps,mean_N_shared_a,mean_N_shared_b,raw_shared_corr,raw_offtrunk_corr,raw_shared_minus_off,speed_controlled_shared_corr,speed_controlled_offtrunk_corr,speed_controlled_shared_minus_off,speed_gap_retention,zero_lag_corr,best_nonzero_lag_hours,best_nonzero_lag_corr,nonzero_lag_perm_p,significant_nonzero_lag,te_a_to_b,te_b_to_a,te_net_a_minus_b
30__31,30,31,107,202,107,2.210922979005638,19.093457943925234,3.4766355140186915,-0.02738915717460366,-0.1412902140360292,0.11390105686142554,-0.04652826216562535,0.11033604854950246,-0.1568643107151278,-1.3771980264061312,-0.02738915717460366,1.0,0.17092971453924963,0.464,False,0.05646284155426324,0.07633844567120793,-0.019875604116944688
30__33,30,33,75,118,75,3.0204111299310976,7.306666666666667,4.493333333333333,0.23833314828057525,-0.029804586216698747,0.268137734497274,0.23803288167690687,-0.09795532763711955,0.3359882093140264,1.2530433657312867,0.23833314828057525,-4.0,0.09053513093895546,0.992,False,0.13702673721046854,0.15104429513081344,-0.014017557920344897
30__34A,30,34A,101,174,101,2.458647143694744,14.772277227722773,3.9504950495049505,0.0983838536574054,0.0349411986818362,0.0634426549755692,0.10046062698781427,0.1560132339562513,-0.05555260696843703,-0.875634964990502,0.0983838536574054,-3.0,-0.19844416956021582,0.36,False,0.031660711536940736,0.12666130758788785,-0.09500059605094711
30__35,30,35,40,126,40,2.53471116660022,17.55,2.725,0.0673769532910707,0.0880278171925035,-0.020650863901432795,0.07384461534506295,0.07393555490569179,-9.093956062883324e-05,0.004403668585628695,0.0673769532910707,-1.0,-0.3020242101909436,0.42,False,0.18952451183033622,0.19064089015549265,-0.0011163783251564308
30__36,30,36,100,210,100,2.5787729483834654,15.51,3.06,0.02266163318248071,-0.08885755477920791,0.11151918796168862,0.018162268511204272,0.13605322780448298,-0.11789095929327871,-1.057136098711363,0.02266163318248071,-1.0,-0.1395467754533856,0.746,False,0.03988148246760733,0.06682410626697452,-0.02694262379936719
30__38A,30,38A,41,129,41,2.6671969284272823,13.829268292682928,2.1951219512195124,-0.0796102971769253,-0.03727440464335749,-0.042335892533567815,-0.11883641256673784,-0.031443782849517196,-0.08739262971722064,2.064268035637318,-0.0796102971769253,-3.0,0.22630005951639856,0.746,False,0.09404446257122648,0.16263407970879276,-0.06858961713756628
30__39A,30,39A,137,238,137,2.6121767048084785,19.401459854014597,3.3284671532846715,0.0018286163715943394,0.029107803071871562,-0.027279186700277222,0.004369368893724684,0.08224488331764783,-0.07787551442392314,2.854759391456921,0.0018286163715943394,-2.0,0.11576048734383086,0.824,False,0.03913768823672069,0.05571668385640605,-0.016578995619685365
30__44,30,44,91,199,91,2.569031777504027,14.89010989010989,2.32967032967033,0.08949786140201499,0.14140217711529757,-0.05190431571328258,0.08329764556848028,-0.07651397648320968,0.15981162205168997,-3.0789659752858154,0.08949786140201499,1.0,0.17387956252003833,0.566,False,0.08791605466713032,0.11190383200870335,-0.023987777341573036
30__45,30,45,181,233,181,2.5348310383130497,13.298342541436464,4.9779005524861875,0.04330509712623057,-0.09870613058961757,0.14201122771584812,0.04580929859559658,0.09762942917976059,-0.05182013058416401,-0.3649016448745271,0.04330509712623057,-3.0,0.2167937980110672,0.036,True,0.05272459790379127,0.04024253852153522,0.01248205938225605
30__46,30,46,22,102,22,2.680114365130205,6.363636363636363,2.3636363636363638,0.13337194013198017,-0.05503769923524494,0.1884096393672251,0.17020221263200508,-0.658888032121788,0.8290902447537931,4.4004661732716945,0.13337194013198017,2.0,0.5259700266761583,0.226,False,0.37254866950913923,0.5240538249792597,-0.15150515547012045
30__48,30,48,50,100,50,2.959253166675434,9.3,2.6,0.05888727341775331,0.05684243851265301,0.0020448349051002956,0.0593517309033193,-0.15563236115877774,0.21498409206209704,105.13518305359348,0.05888727341775331,4.0,0.26944357934016455,0.386,False,0.12744531489472286,0.0991535932392149,0.02829172165550796
30__49.1,30,49.1,268,225,268,2.8875236284449177,16.567164179104477,9.64179104477612,0.15447243995669038,0.007610931908642469,0.1468615080480479,0.131372622517101,-0.06298462543280667,0.19435724794990766,1.3234049584069423,0.15447243995669038,2.0,0.11638428165090904,0.396,False,0.025708234740484087,0.028964536041806953,-0.0032563013013228656
30__49.2,30,49.2,240,262,240,3.065671304950928,14.0,7.670833333333333,-0.15774251317703122,0.012305115997376508,-0.17004762917440774,-0.16036770490444777,-0.030172683227389828,-0.13019502167705793,0.7656385584977762,-0.15774251317703122,1.0,0.13294256264670154,0.274,False,0.030737660139561817,0.001967647788902476,0.02877001235065934
30__61,30,61,13,261,13,2.542089622539596,3.6923076923076925,2.076923076923077,0.053279403309388934,-0.023294331025809172,0.07657373433519811,0.06360436620637377,0.24451867331472882,-0.18091430710835504,-2.3626157020945424,0.053279403309388934,-1.0,-0.35531645650329424,0.362,False,,,
30__62,30,62,18,276,18,2.5550508140940096,5.444444444444445,2.111111111111111,0.545285524365997,-0.018600377266847528,0.5638859016328445,0.5483034066921876,-0.46299695042529504,1.0113003571174826,1.7934485579246795,0.545285524365997,-4.0,-0.4772374545224388,0.42,False,,,
30__OC1,30,OC1,95,231,95,2.5107812592388736,18.126315789473683,2.610526315789474,0.2772963081375409,-0.13240376431826706,0.409700072455808,0.24119210701062174,-0.15774110879112868,0.39893321580175045,0.9737201494998055,0.2772963081375409,1.0,0.1581047506053131,0.652,False,0.06939444794672131,0.1261271886158704,-0.0567327406691491
30__OC2,30,OC2,65,195,65,2.5349563868896205,16.907692307692308,2.8923076923076922,-0.09286353848544845,0.2727084548860149,-0.3655719933714634,-0.07315167131781931,0.1898960101482111,-0.2630476814660304,0.7195509673487038,-0.09286353848544845,1.0,0.3383827107968219,0.046,True,0.10617680505489999,0.13958483835664587,-0.03340803330174588
30__OC3,30,OC3,45,207,45,2.55890166420597,10.022222222222222,2.1333333333333333,-0.23654790976545395,-0.10287077229112407,-0.13367713747432988,-0.23428333243762414,-0.11856805488820558,-0.11571527754941856,0.8656325212801587,-0.23654790976545395,-1.0,0.23683128824771438,0.622,False,0.20016150340450084,0.1362340908012144,0.06392741260328644
31__34A,31,34A,31,164,31,2.513069205376262,3.064516129032258,2.7096774193548385,0.39177857124930376,-0.059009889789558005,0.4507884610388618,0.3177271154487868,-0.1556961281315542,0.473423243580341,1.050211539331145,0.39177857124930376,-2.0,0.37562700020167966,0.308,False,0.2560096473940998,0.21217194536310385,0.04383770203099596
31__44,31,44,108,162,108,2.735403781809163,5.712962962962963,3.462962962962963,0.11698129137768022,0.12545938318066702,-0.008478091802986795,0.08323896568659422,0.1637677089921612,-0.08052874330556697,9.498451441301572,0.11698129137768022,-1.0,0.15223331104144483,0.626,False,0.056882764833382934,0.06586199988955638,-0.008979235056173443
33__31,31,33,32,55,32,2.9445023501561276,4.65625,5.96875,-0.2130354229097055,-0.05327409161327156,-0.15976133129643394,-0.06156525732233587,-0.275604646573628,0.21403938925129212,-1.3397446523160623,-0.2130354229097055,-1.0,-0.5787055489139901,0.006,True,0.29424980605742507,0.1792042102331292,0.11504559582429585
33__34A,33,34A,25,104,25,3.1783494136368273,5.44,2.84,0.11881333460104263,0.14988829176152563,-0.031074957160483002,0.07655659052705852,0.24045947293938605,-0.16390288241232753,5.274436311074225,0.11881333460104263,-4.0,0.4387729461309286,0.258,False,0.14571633339630072,0.2507128826889706,-0.10499654929266986
33__36,33,36,33,118,33,3.3141194964192966,5.181818181818182,2.878787878787879,-0.007369736300764929,0.2376638283402993,-0.24503356464106424,0.057735226354778,0.3341831824943178,-0.27644795613953976,1.1282044422954574,-0.007369736300764929,-4.0,0.44468235180751525,0.216,False,0.23569829981001325,0.20656493461009764,0.029133365199915606
33__38A,33,38A,29,68,29,4.149564787455899,5.620689655172414,2.2413793103448274,0.14890882739429429,0.14895552247065538,-4.6695076361097376e-05,0.1781338257569714,0.08572650018126408,0.09240732557570731,-1978.952231732375,0.14890882739429429,4.0,-0.3677255689022853,0.378,False,0.2980310083384306,0.15100373401434372,0.14702727432408688
33__39A,33,39A,23,114,23,3.8315203930562074,5.173913043478261,2.391304347826087,0.13331657681962822,-0.01623910321439462,0.14955568003402284,0.1357907477756011,0.16917527725714573,-0.033384529481544634,-0.22322475130299227,0.13331657681962822,-3.0,0.5083777103357545,0.304,False,0.4926219704428826,0.46049932435477803,0.032122646088104556
33__44,33,44,29,113,29,3.5317064868255197,4.620689655172414,2.413793103448276,0.07050369309289818,0.019107113692035108,0.05139657940086308,0.06253925760730256,-0.09600825179738662,0.15854750940468917,3.0847871833670464,0.07050369309289818,-2.0,-0.21238299214113937,0.95,False,0.1836595419094923,0.23724964770419554,-0.05359010579470325
33__45,33,45,66,116,66,3.2835793163099596,4.46969696969697,3.8181818181818183,0.038069443696917185,0.0971472436597876,-0.05907779996287041,0.02065885020810075,0.0905825883232558,-0.06992373811515505,1.1835873739222038,0.038069443696917185,-1.0,-0.11062669880868022,0.99,False,0.13097664179002,0.033897122842042646,0.09707951894797735
33__46,33,46,32,73,32,4.310570440951581,4.84375,2.84375,0.059930629324753605,-0.15169022943650598,0.21162085876125958,-0.04067052361582407,-0.2610654605491498,0.22039493693332574,1.0414613106828219,0.059930629324753605,2.0,0.42650905627409647,0.166,False,0.3999895415629474,0.321512423864593,0.07847711769835441
33__49.1,33,49.1,55,103,55,3.3788210960799336,4.4363636363636365,5.090909090909091,-0.02516205311200252,-0.18697887715526332,0.1618168240432608,-0.03703936371605707,-0.23059954878203281,0.19356018506597575,1.1961684837803301,-0.02516205311200252,3.0,-0.13010145899998687,0.944,False,0.10018030852525855,0.19101664872528387,-0.09083634020002532
33__62,33,62,25,113,25,3.756366683037216,4.32,2.64,-0.06814732700531267,-0.007860204738880097,-0.060287122266432576,-0.057200007488017776,0.08862957478790337,-0.14582958227592113,2.418917619445206,-0.06814732700531267,3.0,0.5205167125137612,0.076,False,0.30948407844197034,0.4520325967144754,-0.14254851827250503
33__OC1,33,OC1,62,103,62,4.14858638143618,10.53225806451613,3.935483870967742,0.056359318726320135,0.11924232140242906,-0.06288300267610893,0.007542976105482443,0.24021525634479216,-0.23267228023930972,3.7000822215461517,0.056359318726320135,1.0,0.26564085044816427,0.32,False,0.13184262069484393,0.13189183633366866,-4.9215638824734453e-05
33__OC2,33,OC2,59,109,59,4.114547262785588,9.76271186440678,3.5084745762711864,0.03926404452568797,-0.31152695442557754,0.35079099895126553,-0.0073217480067826425,-0.2001379894722386,0.19281624146545595,0.5496613141212423,0.03926404452568797,2.0,0.33529679720813427,0.078,False,0.029290784050488603,0.2608945228309147,-0.2316037387804261
33__OC3,33,OC3,80,114,80,4.380524033954646,7.625,3.6,0.3374107336489063,-0.052912242247783015,0.3903229758966893,0.2575979961697301,0.11399061034723021,0.1436073858224999,0.36791937623602744,0.3374107336489063,1.0,0.22330348108228884,0.344,False,0.07246692007559666,0.13764697527611422,-0.06518005520051756
35__31,31,35,65,95,65,2.753889429674948,5.876923076923077,3.876923076923077,-0.0034136213060986763,-7.7707008948722e-06,-0.003405850605203804,-0.017573965352576684,0.2433471110458356,-0.2609210763984123,76.60966573218174,-0.0034136213060986763,-3.0,0.14918548646830224,0.882,False,0.04634496001558245,0.08401047104434804,-0.03766551102876559
35__34A,34A,35,75,62,75,3.600401481767067,3.5733333333333333,4.1466666666666665,0.09790975832250742,-0.15795169008661428,0.25586144840912173,0.06020881578672927,-0.10979220026936008,0.17000101605608936,0.6644260677531154,0.09790975832250742,4.0,0.23920302345140698,0.332,False,0.07422428559860093,0.04832248445223318,0.025901801146367753
35__38A,35,38A,86,164,86,3.616360479883001,5.3604651162790695,3.058139534883721,-0.10681669680199528,0.0670439286018739,-0.17386062540386918,-0.1930097773121417,0.01237480344860912,-0.2053845807607508,1.1813173930765124,-0.10681669680199528,1.0,0.19563925049208825,0.462,False,0.08848616917282445,0.05044994618561632,0.03803622298720813
35__44,35,44,74,131,74,3.6196729822230362,4.013513513513513,4.04054054054054,0.285114020804152,0.08854717536990729,0.19656684543424469,0.24138798443263115,0.08800900620965438,0.15337897822297678,0.7802891575338677,0.285114020804152,1.0,-0.16176342232627208,0.796,False,0.1763518946983557,0.10089486763141628,0.07545702706693941
35__62,35,62,86,170,86,4.453692591842653,3.9651162790697674,3.255813953488372,-0.08638538397882975,-0.05904764945736682,-0.02733773452146293,-0.08852759105595695,0.02035917627558811,-0.10888676733154506,3.983020877097836,-0.08638538397882975,4.0,0.2926061304935917,0.066,False,0.1506605931634328,0.05834949626149196,0.09231109690194084
35__OC1,35,OC1,40,168,40,3.023161556827153,3.25,2.55,-0.10825620600315733,0.05262466108675414,-0.16088086708991148,-0.14014865355033013,-0.12126663941245747,-0.01888201413787266,0.11736643691334701,-0.10825620600315733,3.0,-0.2836988692170676,0.546,False,0.12277513817103583,0.25116006598192236,-0.12838492781088653
35__OC2,35,OC2,26,141,26,2.9748319497766875,3.1923076923076925,2.8076923076923075,0.025552318136468605,0.00557637579092787,0.019975942345540735,0.19601631526326158,0.4161991653649863,-0.22018285010172473,-11.022401161008384,0.025552318136468605,3.0,-0.4319943805081989,0.248,False,0.21903823901750444,0.4063234881024731,-0.18728524908496866
36__31,31,36,116,166,116,2.8111433216405524,5.698275862068965,4.646551724137931,-0.11785719074178079,0.10944092352533362,-0.2272981142671144,-0.17151204978364884,0.1467018999675323,-0.3182139497511811,1.3999849966956828,-0.11785719074178079,3.0,-0.12185384231207184,0.84,False,0.02612510004928331,0.05711347298584573,-0.03098837293656242
36__34A,34A,36,196,106,196,3.425528558422638,6.25,5.540816326530612,-0.030005893399243373,-0.08897207607672486,0.058966182677481487,-0.09354970847928164,-0.04428435970579294,-0.0492653487734887,-0.835484790374646,-0.030005893399243373,3.0,-0.14429262481999958,0.312,False,0.037776166513439804,0.043854429218583346,-0.006078262705143542
36__35,35,36,76,136,76,3.7038474780268027,3.973684210526316,4.552631578947368,0.08779157604792402,0.03309515254040639,0.05469642350751763,0.018701540211012606,0.20691011983722193,-0.18820857962620932,-3.440966841284264,0.08779157604792402,-3.0,0.20135733475986584,0.526,False,0.11404696659554611,0.08816177380738625,0.025885192788159858
36__38A,36,38A,78,137,78,3.6858281285691774,5.397435897435898,3.076923076923077,0.10147673063117169,0.039963960280491345,0.06151277035068034,-0.013451427080639922,-0.011709708405121982,-0.00174171867551794,-0.028314749369740853,0.10147673063117169,-2.0,0.2595190613745567,0.156,False,0.05455168840120411,0.06020140776626231,-0.0056497193650581964
36__39A,36,39A,172,243,172,3.811845300876003,5.412790697674419,4.930232558139535,-0.018845265488837165,0.04232097492129118,-0.061166240410128345,-0.14506425464516381,0.04157334939201758,-0.18663760403718138,3.051317242742887,-0.018845265488837165,-1.0,0.11140246027648823,0.726,False,0.05511080655505615,0.03957666037800523,0.015534146177050921
36__44,36,44,181,238,181,3.4922781699898664,5.149171270718232,3.994475138121547,0.13274107474276547,-0.04679679753008943,0.1795378722728549,0.0537899339108844,-0.0029748088497846535,0.056764742760669055,0.3161714129841092,0.13274107474276547,-3.0,0.18231949167251846,0.134,False,0.032234747969858896,0.038663032281039414,-0.006428284311180518
36__OC1,36,OC1,100,240,100,3.2555449761429354,4.13,2.85,-0.02936997084785828,0.04056656550952635,-0.06993653635738463,-0.03031916671653969,-0.023069767023697604,-0.007249399692842086,0.10365683046979518,-0.02936997084785828,-4.0,0.20956116073166647,0.3,False,0.0475370886292635,0.06208039847269582,-0.014543309843432321
36__OC2,36,OC2,87,243,87,3.0262109833231428,4.114942528735632,3.0804597701149423,0.060294824257247186,0.02607110714188428,0.0342237171153629,0.03933868310156449,0.08043942253818158,-0.04110073943661709,-1.2009431733576104,0.060294824257247186,-2.0,-0.17783420945160833,0.594,False,0.05072454076901774,0.11884056056913435,-0.06811601980011661
36__OC3,36,OC3,58,261,58,3.068412892200737,3.1379310344827585,2.4827586206896552,0.28981851579658713,-0.12143716460199373,0.41125568039858085,0.28363259158376725,0.08531955225517848,0.19831303932858876,0.4822134958388604,0.28981851579658713,-2.0,0.24017726626123273,0.43,False,0.09350561952446454,0.14567020529540284,-0.0521645857709383
38A__31,31,38A,28,104,28,2.7250100142214646,5.107142857142857,2.2857142857142856,-0.26156482835269795,0.04053763549780499,-0.30210246385050293,-0.3148202392174506,-0.1530374221195673,-0.1617828170978833,0.5355229978459971,-0.26156482835269795,4.0,-0.21865722828411308,0.944,False,0.28712587483961305,0.30806541358219786,-0.020939538742584807
38A__34A,34A,38A,79,37,79,3.706168627253172,4.341772151898734,3.329113924050633,0.03186200320405524,0.04171963469459255,-0.00985763149053731,0.022986373028016274,0.05016299279650925,-0.027176619768492977,2.756911718051215,0.03186200320405524,-1.0,0.196462383296303,0.514,False,0.06509189872572645,0.09204304714215937,-0.026951148416432924
38A__44,38A,44,74,134,74,3.616363050340729,3.054054054054054,3.77027027027027,0.17413154451189772,-0.2354831914734553,0.40961473598535303,0.11708098766729395,0.014803648813524885,0.10227733885376906,0.2496915512761882,0.17413154451189772,4.0,0.2036587094761942,0.518,False,0.09627621126284092,0.09577691710791668,0.0004992941549242375
38A__OC1,38A,OC1,127,152,127,4.7478389003664,4.535433070866142,5.118110236220472,-0.06255648307278874,-0.10666427272709772,0.044107789654308976,-0.18361981330782132,-0.16348885193084645,-0.02013096137697487,-0.45640376756009665,-0.06255648307278874,-2.0,0.23558927899679694,0.068,False,0.06296396177626262,0.07181073462710821,-0.008846772850845591
38A__OC2,38A,OC2,136,64,136,5.059450173133272,7.801470588235294,5.595588235294118,0.1054608630983384,0.111970231725285,-0.006509368626946607,0.07026946679764481,0.15732355557038993,-0.08705408877274512,13.373660912729743,0.1054608630983384,-4.0,0.10263220072153773,0.874,False,0.029415495833306327,0.0196129332815714,0.009802562551734926
39A__31,31,39A,140,201,140,2.9674876752927295,5.9714285714285715,4.0285714285714285,0.08504819869629716,0.010073592505386178,0.07497460619091098,0.022509822198674548,0.061292412075843065,-0.03878258987716852,-0.5172763399172086,0.08504819869629716,-2.0,-0.14398354846612968,0.504,False,0.0586984844827406,0.04328844014035219,0.015410044342388407
39A__34A,34A,39A,167,145,167,3.6596833134868305,5.892215568862276,4.832335329341317,0.05376066469075877,0.026187873275552463,0.027572791415206306,0.025350068839493953,0.018328834789202515,0.007021234050291439,0.2546435703430176,0.05376066469075877,-2.0,-0.16239944086720554,0.302,False,0.035828568702021245,0.032876725471985425,0.0029518432300358194
39A__35,35,39A,91,167,91,3.8766606438501188,4.263736263736264,4.637362637362638,-0.08507894933152974,-0.02048588539025589,-0.06459306394127384,-0.15005104783541576,0.04233264659462185,-0.1923836944300376,2.978395553506292,-0.08507894933152974,2.0,0.16519888593271936,0.674,False,0.05850748474377787,0.04948079696718549,0.00902668777659238
39A__38A,38A,39A,134,176,134,4.75100979430586,4.119402985074627,6.156716417910448,0.13069356895419243,-0.07498266112795361,0.20567623008214603,0.0011119041621901152,-0.21295443082542295,0.21406633498761307,1.0407927785438118,0.13069356895419243,-3.0,0.21613712040206326,0.11,False,0.02964025317228764,0.06419418645482788,-0.03455393328254024
39A__44,39A,44,165,232,165,3.739576729424934,5.012121212121212,4.327272727272727,0.13658278253135286,0.0084498545676634,0.12813292796368947,0.06964656107353952,-0.09608917068322166,0.16573573175676118,1.2934671390926746,0.13658278253135286,-2.0,0.12817018391052093,0.562,False,0.04382858432255264,0.03296368764566341,0.010864896676889231
39A__OC1,39A,OC1,281,148,281,5.177975498366763,10.309608540925266,7.291814946619217,0.2121172899043827,0.027958435872392048,0.18415885403199064,0.2313800203159424,0.00577492447071586,0.22560509584522653,1.225057014125621,0.2121172899043827,2.0,-0.14547435323790478,0.1,False,0.02040051334637535,0.05549178238894749,-0.035091269042572135
39A__OC2,39A,OC2,195,216,195,4.457539790744826,7.18974358974359,4.769230769230769,0.24995858479193647,-0.07262556491948235,0.3225841497114188,0.06900715746078774,-0.14112512054053103,0.21013227800131878,0.6514029848934036,0.24995858479193647,4.0,-0.1345138926745249,0.452,False,0.04297095561013267,0.037316842286159155,0.005654113323973517
44__34A,34A,44,175,153,175,3.400125057101718,5.12,5.56,0.20046545134081503,-0.001435947891157203,0.20190139923197223,0.13712185917179665,0.011557580988600312,0.12556427818319632,0.6219089053411201,0.20046545134081503,-1.0,0.1815718354775997,0.128,False,0.06744169836722615,0.02774490746403083,0.03969679090319532
45__31,31,45,81,215,81,2.5041925241867484,3.0123456790123457,4.345679012345679,0.19237144677281987,-0.039622927534697705,0.23199437430751757,0.16393269275451347,-0.04676226308942396,0.21069495584393744,0.9081899355225445,0.19237144677281987,4.0,-0.16441912179880028,0.74,False,0.05626517361547201,0.0585385144729883,-0.0022733408575162928
45__34A,34A,45,165,158,165,2.945603146315008,4.975757575757576,10.187878787878788,0.10870892889632151,0.071626366728612,0.03708256216770951,0.04147153617590038,0.014930095140856924,0.026541441035043457,0.7157391367674972,0.10870892889632151,-2.0,0.14623317234953,0.418,False,0.02716187469321171,0.07774993535849815,-0.05058806066528644
45__35,35,45,61,169,61,2.690772044263205,3.0163934426229506,7.180327868852459,0.04072239842058177,0.026263284308612998,0.014459114111968773,0.0346704858585863,0.25478060763936305,-0.22011012178077677,-15.22293275205408,0.04072239842058177,4.0,-0.14077093891194398,0.94,False,0.17810135157413962,0.12488765723346919,0.05321369434067043
45__36,36,45,102,242,102,2.7884326675145283,2.980392156862745,6.1568627450980395,0.0987976149269663,-0.0001256018375884336,0.09892321676455473,0.09350649267050848,-0.09625833066746589,0.18976482333797437,1.9183042115343865,0.0987976149269663,-3.0,-0.2122075547666211,0.292,False,0.03278092234848961,0.04826301941922577,-0.01548209707073616
45__38A,38A,45,44,172,44,2.789700931793453,2.090909090909091,5.113636363636363,0.05601118803710282,0.16325883103222122,-0.10724764299511841,0.08600791708276241,0.17254039531773332,-0.08653247823497091,0.806847365763643,0.05601118803710282,-3.0,0.22466537235864217,0.728,False,0.09899986430174543,0.1886485884979116,-0.08964872419616618
45__39A,39A,45,143,280,143,2.9790553888075477,3.2587412587412588,7.013986013986014,-0.058130281501579666,0.11345587827219508,-0.17158615977377475,-0.05810720251455951,0.08428651956840583,-0.14239372208296533,0.8298671773452022,-0.058130281501579666,-4.0,-0.068325753018157,0.99,False,0.06604724814000801,0.039554592929748854,0.026492655210259154
45__44,44,45,91,234,91,2.7871856557195223,2.4395604395604398,6.21978021978022,0.05784291866547612,0.10398586129941113,-0.046142942633935015,0.05742225422285677,0.25651351613502266,-0.1990912619121659,4.314663316806929,0.05784291866547612,1.0,-0.11887736538226289,0.916,False,0.12007524657520059,0.07124720628141094,0.04882804029378965
45__62,45,62,151,281,151,3.298572963387307,4.622516556291391,3.562913907284768,0.09914519483026968,0.06614582401225662,0.03299937081801306,-0.0029220494606445858,0.18120699382664068,-0.18412904328728527,-5.579774363054718,0.09914519483026968,1.0,-0.1678745118257982,0.278,False,0.06787000729348189,0.04328504838280281,0.024584958910679078
45__OC1,45,OC1,85,270,85,2.8665223435963236,6.964705882352941,2.552941176470588,0.08030920288847178,0.002421477532765559,0.07788772535570622,0.07795690010085429,0.03925263826762136,0.03870426183323293,0.49692376631200946,0.08030920288847178,1.0,0.2340365396455497,0.238,False,0.08068006875068168,0.05480989186005463,0.025870176890627046
45__OC2,45,OC2,66,238,66,2.793610665107519,6.303030303030303,2.696969696969697,-0.13868602722355702,0.04353800293129924,-0.18222403015485628,-0.13314884002092528,-0.044460701986900227,-0.08868813803402506,0.48669836771065134,-0.13868602722355702,-4.0,-0.1823798648987039,0.706,False,0.15102741565654712,0.05726523265382969,0.09376218300271744
45__OC3,45,OC3,55,248,55,2.9676410409266945,4.781818181818182,2.109090909090909,-0.00011800219969297662,-0.02569157406596547,0.025573571866272495,-0.009513173618102885,0.3399302989499518,-0.3494434725680547,-13.664241913305645,-0.00011800219969297662,1.0,0.21670527649831658,0.632,False,0.16901181368632556,0.11533565086392991,0.05367616282239565
46__31,31,46,26,74,26,2.6874841695820604,4.384615384615385,2.3846153846153846,0.0801546429004143,-0.18265783528040636,0.26281247818082065,0.03871234508685811,-0.14340859755830732,0.18212094264516543,0.6929691615322097,0.0801546429004143,4.0,0.5176833381870383,0.096,False,0.22405134191893603,0.16358646457270876,0.06046487734622727
46__34A,34A,46,112,34,112,3.8271134262279367,4.107142857142857,5.071428571428571,0.05451401526149113,-0.1266261605715518,0.18114017583304293,0.024793075386219745,-0.3008320260584267,0.3256251014446464,1.797641522357665,0.05451401526149113,2.0,0.2242360030813243,0.14,False,0.046463083853234395,0.10698678071750263,-0.060523696864268235
46__35,35,46,115,131,115,4.04504311334274,4.765217391304348,5.217391304347826,-0.002898960328354913,-0.09241669830146952,0.0895177379731146,-0.06130156748851591,-0.05904282866667378,-0.0022587388218421323,-0.02523230449054145,-0.002898960328354913,3.0,0.13668341431417472,0.736,False,0.07048386444824592,0.05006163455289917,0.020422229895346748
46__36,36,46,130,133,130,3.9641879670118336,5.415384615384616,5.030769230769231,0.1495809481729831,0.03604728319877427,0.11353366497420883,0.06318801262869404,0.06689554442383434,-0.003707531795140301,-0.032655792411726794,0.1495809481729831,1.0,0.1589008077358183,0.404,False,0.04057273946778121,0.05228144927239522,-0.011708709804614005
46__38A,38A,46,140,136,140,5.096013025432283,4.6,7.7785714285714285,0.2014566236019278,-0.04832012017162966,0.24977674377355746,0.18602754424167167,0.005716140677274273,0.1803114035643974,0.7218902802570926,0.2014566236019278,-4.0,-0.1278740041850458,0.668,False,0.041019027560627065,0.06082435041811292,-0.019805322857485853
46__39A,39A,46,129,145,129,4.866536188980787,5.503875968992248,5.682170542635659,0.012375117214621712,-0.09919788877951223,0.11157300599413394,-0.06196386888374644,-0.0489132493895834,-0.013050619494163043,-0.11696932764229004,0.012375117214621712,2.0,0.23800736249055826,0.052,False,0.041629018460653595,0.013133405535418754,0.028495612925234844
46__44,44,46,114,141,114,3.869434762996277,3.4649122807017543,5.368421052631579,0.10046035749651942,-0.07386262389528293,0.17432298139180236,0.03652398020272304,-0.12003624621666467,0.15656022641938772,0.8981043415469606,0.10046035749651942,1.0,0.16596143302638036,0.444,False,0.035940098219722674,0.04808794380073632,-0.012147845581013644
46__45,45,46,35,149,35,3.0497766155674504,3.3714285714285714,2.257142857142857,0.0025807769230001398,0.1106977442316413,-0.10811696730864116,-0.01800639437302263,0.34915626637277053,-0.3671626607457932,3.39597631977278,0.0025807769230001398,-1.0,0.45866416126660703,0.144,False,0.4806659812328869,0.12760073417871198,0.3530652470541749
46__49.1,46,49.1,35,133,35,3.2267507614532622,2.4,4.828571428571428,-0.07762379904345182,0.164219820285029,-0.2418436193284808,-0.26535200665561676,0.0760701925372006,-0.34142219919281735,1.4117478068713705,-0.07762379904345182,-1.0,0.5946068772040917,0.008,True,0.47457288426393035,0.3114794300145314,0.16309345424939897
46__OC1,46,OC1,117,117,117,4.682929354788361,7.136752136752137,4.641025641025641,0.08436996841556733,-0.021991094834140478,0.10636106324970782,0.015826161907356324,-0.03187643973570498,0.04770260164306131,0.4484968482410536,0.08436996841556733,3.0,-0.18131903391185586,0.378,False,0.05303977279146068,0.040963297460694784,0.012076475330765897
46__OC2,46,OC2,128,117,128,4.791950576729465,7.40625,4.75,0.16431137943228624,0.02666579179275274,0.1376455876395335,0.11434524555563659,0.05998595226814917,0.05435929328748742,0.394922163650052,0.16431137943228624,1.0,0.18402879781959666,0.276,False,0.06365095748232011,0.041791099049107716,0.021859858433212392
46__OC3,46,OC3,147,124,147,5.092303380994667,7.659863945578231,5.993197278911564,0.027649220713036594,0.00394335293649904,0.023705867776537555,0.03345911739850221,0.018511327189999576,0.01494779020850263,0.6305523319967612,0.027649220713036594,1.0,0.15705692356000578,0.356,False,0.04903699145697408,0.035486470650655896,0.013550520806318182
48__31,31,48,31,75,31,2.822541224484687,4.032258064516129,3.2903225806451615,0.08992193543580126,-0.03829933802232353,0.12822127345812478,0.015149069324179469,-0.021882384976559883,0.037031454300739355,0.28880897297306357,0.08992193543580126,-4.0,-0.38339563716488856,0.34,False,0.3049615351512297,0.14046810960656544,0.16449342554466426
48__33,33,48,48,70,48,4.199596696630984,5.583333333333333,2.9791666666666665,-0.018723211256310417,0.1146212616087607,-0.13334447286507112,-0.017197073292298234,0.15046404245443734,-0.1676611157467356,1.2573533206463599,-0.018723211256310417,-1.0,-0.17811322557983883,0.886,False,0.1617039022455479,0.14306216643909134,0.01864173580645656
48__34A,34A,48,106,37,106,3.8018038219306827,4.09433962264151,5.0,0.03806099332957152,-0.03351007090185701,0.07157106423142853,0.010831194383242424,-0.038576130917502574,0.049407325300745,0.6903254245456516,0.03806099332957152,-2.0,-0.16339460141141404,0.562,False,0.06064497520210642,0.03855624280915691,0.022088732392949506
48__35,35,48,116,128,116,4.395166674918962,4.767241379310345,6.068965517241379,0.027802892964019398,0.09513057698367117,-0.06732768401965177,-0.05216768895661064,0.08575500438040573,-0.13792269333701637,2.0485287047265603,0.027802892964019398,1.0,0.12781191731912536,0.786,False,0.07830150337922089,0.0938065680406772,-0.01550506466145632
48__36,36,48,104,139,104,3.7857596138454235,5.355769230769231,4.394230769230769,0.16656498230839947,0.0676660192439249,0.09889896306447457,0.08172040740379079,0.04274852982209082,0.03897187758169997,0.3940574943772998,0.16656498230839947,-1.0,0.14997208832044281,0.644,False,0.04645403217078586,0.04586917883979402,0.0005848533309918344
48__38A,38A,48,56,149,56,4.042422614192709,3.1964285714285716,4.642857142857143,-0.07388273384975418,0.037329213340093675,-0.11121194718984785,-0.1437529567297815,0.009881905647435782,-0.1536348623772173,1.3814600522635403,-0.07388273384975418,4.0,0.24316607543599808,0.492,False,0.13033043149570056,0.1551986667136156,-0.024868235217915036
48__39A,39A,48,111,141,111,4.316854190737018,4.306306306306307,5.342342342342342,-0.09817219297578358,-0.13976346200987433,0.041591269034090744,-0.16253497007667758,-0.11214407609590464,-0.05039089398077294,-1.21157385073943,-0.09817219297578358,1.0,0.17213756211353812,0.446,False,0.060997644430745096,0.0559883818705999,0.0050092625601451946
48__44,44,48,93,136,93,3.682766726609246,3.6559139784946235,4.462365591397849,0.16893702747842962,0.017563893675509736,0.1513731338029199,0.10949772808398828,0.06268662144641005,0.04681110663757823,0.3092431626508037,0.16893702747842962,3.0,0.13896426279592108,0.792,False,0.09609083501943827,0.06971647071658636,0.026374364302851908
48__45,45,48,69,143,69,2.937589331699633,4.7101449275362315,3.1159420289855073,0.12646204291729052,-0.17879844751846813,0.30526049043575865,0.12286488595167348,0.0700033993940409,0.05286148655763258,0.17316845190864016,0.12646204291729052,4.0,0.3210751539867275,0.116,False,0.06719588974707402,0.1623440930457328,-0.09514820329865878
48__46,46,48,95,155,95,4.208948086724233,4.663157894736842,4.463157894736842,0.112687526701716,0.09045111500470385,0.022236411697012154,0.09445858727251354,0.12740842775941522,-0.03294984048690168,-1.4817966556775461,0.112687526701716,-3.0,-0.20728826317190982,0.324,False,0.06115227388030966,0.07400117242802517,-0.012848898547715516
48__49.1,48,49.1,68,99,68,3.488627658024999,2.985294117647059,9.911764705882353,-0.018459884122604877,0.0733146119590035,-0.09177449608160838,0.012066497285814824,0.013972464412252179,-0.001905967126437355,0.020767938891677676,-0.018459884122604877,-4.0,-0.22586587103614694,0.438,False,0.09678328883985754,0.11731866463649417,-0.020535375796636626
48__49.2,48,49.2,75,128,75,4.139401755363395,3.28,8.213333333333333,-0.029746660455061066,0.053780852051997174,-0.08352751250705824,-0.022710204882949763,0.023123026562531505,-0.045833231445481265,0.5487201769789117,-0.029746660455061066,-1.0,0.12389685219246006,0.932,False,0.04742470468382011,0.08253268885462557,-0.03510798417080546
48__62,48,62,13,143,13,3.3062246532831527,2.6153846153846154,2.3846153846153846,-0.15901358484040537,-0.1303662905899959,-0.02864729425040946,-0.11427370989021479,0.5130076244764278,-0.6272813343666426,21.89670441066792,-0.15901358484040537,-1.0,-0.37152581971066684,0.434,False,,,
48__OC1,48,OC1,54,137,54,3.6476299442972713,4.037037037037037,3.240740740740741,-0.2670979162461039,-0.02783556059696827,-0.23926235564913564,-0.26574491187434623,0.17173218777632582,-0.43747709965067205,1.828440995089954,-0.2670979162461039,-2.0,0.28201881262609824,0.31,False,0.1017709234663068,0.23720175503604615,-0.13543083156973934
48__OC2,48,OC2,51,144,51,3.473984385573468,4.019607843137255,3.3137254901960786,-0.11263258155575095,0.036683500501157665,-0.1493160820569086,-0.07641223799450726,-0.10859753565754976,0.0321852976630425,-0.21555144777222165,-0.11263258155575095,3.0,-0.2775788568089635,0.364,False,0.2386070747384924,0.15172237226821556,0.08688470247027685
48__OC3,48,OC3,85,153,85,3.842271410814621,4.847058823529411,3.623529411764706,-0.0951692406874873,0.2252574447528541,-0.3204266854403414,-0.10097508510248186,0.04178138703868169,-0.14275647214116355,0.4455199227398388,-0.0951692406874873,-1.0,-0.23944609266699926,0.256,False,0.08536522506922739,0.031798691251502226,0.053566533817725165
49.1__31,31,49.1,134,222,134,2.95316297994593,2.917910447761194,15.298507462686567,0.1051547797302851,-0.08912804890510213,0.19428282863538723,0.08971513997241229,-0.0007881969596195476,0.09050333693203183,0.4658329177504434,0.1051547797302851,3.0,-0.09703102371571545,0.908,False,0.02669976345851862,0.01759174694745786,0.00910801651106076
49.1__34A,34A,49.1,115,178,115,3.217039633301733,3.6695652173913045,11.852173913043478,0.19933347710074156,0.13674647409265445,0.06258700300808712,0.05793311673183665,0.22607316617323084,-0.16814004944139418,-2.686501052297841,0.19933347710074156,2.0,0.15243808355878816,0.562,False,0.09058008952563981,0.03548762932352452,0.05509246020211529
49.1__35,35,49.1,75,130,75,3.268939032051419,3.3733333333333335,11.92,0.08545297743134374,0.07111695051693359,0.014336026914410147,0.03615843587232068,0.07726757869606826,-0.041109142823747585,-2.867540851393485,0.08545297743134374,-4.0,0.18529760803336948,0.634,False,0.12782867680503823,0.11691284452997944,0.010915832275058795
49.1__36,36,49.1,137,185,137,3.2697393810241757,3.510948905109489,12.744525547445255,0.06466788295030006,-0.013773004470439752,0.0784408874207398,0.005070517319755277,0.01088421520422328,-0.005813697884468003,-0.07411565671464929,0.06466788295030006,-4.0,0.17616697128308098,0.296,False,0.05950407457995771,0.046680483002140574,0.012823591577817137
49.1__38A,38A,49.1,44,126,44,3.4442869891945977,2.1363636363636362,10.886363636363637,0.25101588976147143,-0.0010902368451004803,0.2521061266065719,0.2468760400674885,0.07191782469798551,0.174958215369503,0.6939863688538468,0.25101588976147143,3.0,0.20481667205627452,0.802,False,0.14715787900523852,0.1977027031835603,-0.05054482417832179
49.1__39A,39A,49.1,156,224,156,3.4137447711247795,3.326923076923077,12.487179487179487,-0.20616294921005987,0.05895796783788114,-0.265120917047941,-0.24864524560772758,0.03245578908185045,-0.28110103468957803,1.0602748278769245,-0.20616294921005987,-3.0,0.11450129576688513,0.764,False,0.01862297264255555,0.03236544335461407,-0.01374247071205852
49.1__44,44,49.1,135,181,135,3.3684482732575622,2.77037037037037,11.85925925925926,0.11635870178891718,0.13779130639636408,-0.021432604607446906,0.09351966830853975,0.14797545253766228,-0.054455784229122534,2.540791715543593,0.11635870178891718,1.0,0.15233116092212515,0.492,False,0.06265882223929377,0.05612004721504752,0.0065387750242462475
49.1__45,45,49.1,239,231,239,3.2687500805592844,7.7154811715481175,9.03347280334728,0.13673391955459024,0.19579806624031137,-0.05906414668572113,0.06978461087325727,0.16822064706529521,-0.09843603619203795,1.6665954172810398,0.13673391955459024,2.0,0.28807178331381467,0.0,True,0.02698470659795846,0.03607927003425726,-0.009094563436298799
49.1__61,49.1,61,144,259,144,2.87950869927125,8.479166666666666,3.826388888888889,-0.0021408195772343423,-0.1821812629496358,0.18004044337240147,0.07348603362859397,-0.14056770492612944,0.21405373855472343,1.1889203033785456,-0.0021408195772343423,1.0,-0.19484126463891951,0.164,False,0.03231271743255623,0.07244119484843088,-0.04012847741587465
49.1__62,49.1,62,94,295,94,3.269886974782791,8.457446808510639,2.797872340425532,0.23567039884240765,-0.07527350469782526,0.31094390354023294,0.13065412418189806,0.11238522790837088,0.01826889627352718,0.05875302929411952,0.23567039884240765,2.0,0.1816058331035756,0.524,False,0.10695082030905324,0.04081986527629102,0.06613095503276223
49.1__OC1,49.1,OC1,108,214,108,3.27080550871544,14.212962962962964,2.861111111111111,0.09986390973529548,-0.049288121544765084,0.14915203128006055,0.08296140307285288,-0.021432832007946725,0.1043942350807996,0.6999182926632767,0.09986390973529548,1.0,0.15590302058461805,0.63,False,0.03261942475818956,0.06821937765405552,-0.035599952895865955
49.1__OC2,49.1,OC2,76,180,76,3.2800952652442983,13.473684210526315,2.486842105263158,-0.01971769141405397,-0.10050808513274839,0.08079039371869443,-0.015954978886902314,-0.1738336214632599,0.1578786425763576,1.9541759274757116,-0.01971769141405397,3.0,-0.20599088673405258,0.48,False,0.08554213245965378,0.13144863736629106,-0.04590650490663728
49.1__OC3,49.1,OC3,102,231,102,3.164096217908407,6.303921568627451,2.5980392156862746,0.06742996314080077,0.04271999325258316,0.02470996988821761,0.038634824349083954,0.22667792783376792,-0.18804310348468395,-7.610009414635024,0.06742996314080077,3.0,-0.13906081333188858,0.792,False,0.05585914025010313,0.034572207706738474,0.021286932543364653
49.2__31,31,49.2,166,235,166,3.5760101340573414,4.349397590361446,12.493975903614459,0.06979900783711136,-0.047291316540228744,0.1170903243773401,0.07211301140065304,0.10933007250489944,-0.0372170611042464,-0.31784915877685305,0.06979900783711136,4.0,-0.1721672221709594,0.226,False,0.03132335258909745,0.02889760590480535,0.0024257466842921016
49.2__34A,34A,49.2,107,198,107,3.4636026800284085,3.794392523364486,7.981308411214953,0.04700754511564078,0.045837430483461485,0.001170114632179295,0.06113247032752926,0.1606748281641234,-0.09954235783659414,-85.0706034255808,0.04700754511564078,1.0,0.16368974705841152,0.524,False,0.07040600820858696,0.03889242511775073,0.03151358309083623
49.2__35,35,49.2,69,157,69,3.683004994273321,3.130434782608696,8.797101449275363,0.18350520282975613,0.1998381244277513,-0.01633292159799518,0.2029059915044345,0.2635269541519951,-0.06062096264756062,3.711581071631524,0.18350520282975613,4.0,-0.2355099689573815,0.36,False,0.09163941585935476,0.03670331355201899,0.05493610230733577
49.2__36,36,49.2,130,230,130,3.799568880264496,3.6538461538461537,10.3,0.0693911151900013,0.08519786886444443,-0.015806753674443133,0.04482028573418269,0.05431864819088848,-0.009498362456705794,0.6009053251752162,0.0693911151900013,3.0,0.14735044667123864,0.552,False,0.010578206387526223,0.037386831038166486,-0.026808624650640264
49.2__38A,38A,49.2,51,157,51,3.904854300519905,2.1372549019607843,10.196078431372548,-0.033419935721584436,0.038597899834265974,-0.07201783555585041,-0.03753285761527403,0.08185570430361434,-0.11938856191888837,1.6577638163854784,-0.033419935721584436,-3.0,0.40859653012891006,0.024,True,0.15494741481553093,0.31051771336757245,-0.15557029855204152
49.2__39A,39A,49.2,120,268,120,3.9190876587303713,3.125,9.733333333333333,-0.27166229697608757,-0.10267493561916578,-0.16898736135692177,-0.29110643140655756,-0.01319015117201707,-0.2779162802345405,1.6445980220233611,-0.27166229697608757,-1.0,-0.12686610606136065,0.776,False,0.07406662889065495,0.08710798058340781,-0.013041351692752862
49.2__44,44,49.2,126,220,126,3.919485075549822,2.8333333333333335,9.515873015873016,0.0187578434921726,-0.10891717146536321,0.1276750149575358,0.017860940257093026,-0.22821418975979063,0.24607513001688366,1.92735540386447,0.0187578434921726,4.0,0.16245380343639954,0.418,False,0.06310412140709622,0.0382211901042558,0.024882931302840416
49.2__45,45,49.2,213,264,213,3.4558759681589586,8.713615023474178,6.553990610328638,-0.17450483175191975,-0.07593983250451403,-0.09856499924740572,-0.11628444535152972,-0.07702034901044595,-0.03926409634108377,0.39835739502749723,-0.17450483175191975,-1.0,-0.12041377184389648,0.462,False,0.024809099521101975,0.017015198944744958,0.007793900576357017
49.2__49.1,49.1,49.2,304,234,304,3.944909034247001,11.217105263157896,10.092105263157896,0.21362292988303785,-0.04620898795844244,0.2598319178414803,0.21234651571462262,-0.006865234746459136,0.21921175046108177,0.8436675227668515,0.21362292988303785,-1.0,0.18526936172364852,0.022,True,0.03036642917544052,0.02345907094820641,0.006907358227234109
49.2__62,49.2,62,102,308,102,3.7733990530547756,10.254901960784315,2.6862745098039214,0.1055057786088784,-0.005032918628825831,0.11053869723770424,0.12280392236979157,0.09128596018956765,0.031517962180223916,0.2851305738880491,0.1055057786088784,1.0,0.252717571292179,0.094,False,0.062469979585537336,0.12141604735958397,-0.05894606777404664
49.2__OC1,49.2,OC1,117,258,117,3.982455746822067,12.837606837606838,2.9743589743589745,0.09595802268636755,0.09941001262662522,-0.003451989940257666,0.11194604895428696,0.0648388118811339,0.04710723707315306,-13.646400449717664,0.09595802268636755,4.0,-0.2597668488644919,0.042,True,0.043482422544589214,0.04565729690275844,-0.0021748743581692237
49.2__OC2,49.2,OC2,91,219,91,3.914477925524412,11.967032967032967,2.978021978021978,0.07414174327316357,-0.007772685416246512,0.08191442868941008,0.07715213133916182,0.04354928655980057,0.033602844779361256,0.410218874952679,0.07414174327316357,2.0,0.1716629417548434,0.636,False,0.02593636434993558,0.12543634330651907,-0.09949997895658348
49.2__OC3,49.2,OC3,103,16,103,4.040425195057599,20.533980582524272,2.621359223300971,0.016376175189018915,-0.08509408505615193,0.10147026024517085,0.014394783306980168,,,,0.016376175189018915,-4.0,0.22095584650020075,0.194,False,0.05538339980903339,0.03577351068727429,0.0196098891217591
61__31,31,61,99,215,99,2.671848977954381,3.3838383838383836,3.8383838383838382,-0.030377654239779478,-0.07525412339359537,0.04487646915381589,-0.06645091984229588,-0.056618067838565246,-0.009832852003730637,-0.21910930581521784,-0.030377654239779478,-4.0,-0.1643405317995239,0.606,False,0.09361312764957057,0.04942763388891167,0.044185493760658896
61__OC1,61,OC1,23,235,23,3.1719093866853454,3.130434782608696,2.0434782608695654,0.2640768139573668,-0.07506252468930327,0.3391393386466701,0.1916929185613254,-0.24082798297615107,0.43252090153747647,1.275348661300821,0.2640768139573668,-1.0,-0.2745892711859185,0.894,False,0.31251142172463225,0.18963109203382195,0.12288032969081031
62__31,31,62,33,254,33,2.712430403846275,2.696969696969697,2.4545454545454546,0.4683732179557422,-0.06866394934518637,0.5370371673009285,0.36985659985111685,0.19178701828670416,0.1780695815644127,0.3315777611061163,0.4683732179557422,3.0,0.26309531352622373,0.792,False,0.1747683017728487,0.2799263747430451,-0.10515807297019641
62__38A,38A,62,12,174,12,3.455256606541724,2.0,2.4166666666666665,-0.1504644024382007,-0.03137947616987606,-0.11908492626832463,-0.17384309215952495,-0.30203519726434136,0.1281921051048164,-1.0764763360223382,-0.1504644024382007,,,,False,,,
62__61,61,62,55,271,55,3.162384319365208,3.6,2.309090909090909,0.1202080731001224,-0.04018815342196779,0.16039622652209018,0.11274300697745597,-0.13413773429790302,0.24688074127535897,1.5391929512840374,0.1202080731001224,4.0,0.3017510835372999,0.186,False,0.14035593747369837,0.08660000379361874,0.05375593368007964
62__OC1,62,OC1,95,270,95,3.6832562845249064,3.389473684210526,3.031578947368421,0.12940232746560826,0.033694210791216865,0.09570811667439139,0.028431912045100743,0.014754696163334009,0.013677215881766734,0.14290549597060817,0.12940232746560826,-1.0,-0.25328427473401327,0.104,False,0.12058196334069152,0.07638230073574481,0.044199662604946705
62__OC2,62,OC2,63,233,63,3.532448799106241,3.507936507936508,3.0317460317460316,-0.00916242717848782,-0.03910063570003978,0.029938208521551955,-0.1464422456710929,0.0008395680045145104,-0.14728181367560741,-4.91952661661709,-0.00916242717848782,-4.0,0.15601450436992892,0.874,False,0.13386872744171305,0.1315260011189219,0.0023427263227911443
67__49.1,49.1,67,36,320,36,3.359468416558846,2.4722222222222223,3.111111111111111,-0.2643651178383309,-0.01619960714716416,-0.2481655106911667,-0.24767338006893158,-0.13246621841759687,-0.11520716165133471,0.46423518453660545,-0.2643651178383309,-1.0,0.2982986717967905,0.534,False,0.27078700447781967,0.21705733395932506,0.053729670518494616
67__61,61,67,157,275,157,3.2045355434979323,4.452229299363057,5.050955414012739,0.06895446515699796,-0.0002538147942542169,0.06920827995125219,0.030101596471005805,0.21006533820498705,-0.17996374173398125,-2.6003209711430655,0.06895446515699796,-3.0,-0.17997900751789822,0.174,False,0.0303329187095465,0.01926498095407832,0.011067937755468178
OC1__31,31,OC1,78,208,78,2.969443206050632,4.653846153846154,2.5641025641025643,-0.09403539589593207,0.04916378707757393,-0.143199182973506,-0.10469277555001004,0.037871385835021115,-0.14256416138503114,0.9955654663993974,-0.09403539589593207,1.0,0.250142547047805,0.202,False,0.08689939055290827,0.0833167228319317,0.003582667720976568
OC1__34A,34A,OC1,49,204,49,3.0073291651795087,4.510204081632653,2.6530612244897958,-0.09653525605613589,0.004474977473717533,-0.10101023352985342,-0.08813480220928886,0.06469188434224178,-0.15282668655153064,1.512982211909875,-0.09653525605613589,-1.0,-0.26081941061325425,0.498,False,0.17655677951271376,0.273255578496302,-0.09669879898358824
OC1__44,44,OC1,96,232,96,3.292636213871807,3.34375,2.84375,0.16958212017625515,0.15966102129907322,0.009921098877181928,0.16301347339171424,0.03657098222725525,0.126442491164459,12.744807075279828,0.16958212017625515,4.0,-0.2401767073091691,0.152,False,0.08239142802283811,0.03899505281730299,0.04339637520553512
OC2__31,31,OC2,57,170,57,2.8627491191691568,4.052631578947368,2.7719298245614037,0.22073582365733843,0.001737749777171022,0.2189980738801674,0.17434223150863917,-0.14709658747398255,0.3214388189826217,1.467770073441415,0.22073582365733843,-2.0,0.2604944747408611,0.352,False,0.1463768464454096,0.23748844896614102,-0.09111160252073142
OC2__34A,34A,OC2,48,204,48,2.9924808665425213,4.520833333333333,2.7083333333333335,-0.054603749777621065,0.184990691681167,-0.23959444145878805,-0.056376147415639906,-0.3572801462173924,0.3009039988017525,-1.2558888969613684,-0.054603749777621065,-1.0,-0.2321888445614986,0.65,False,0.08863411917984075,0.225215451801945,-0.13658133262210426
OC2__44,44,OC2,90,229,90,3.147872647648007,3.2888888888888888,3.0,0.02585038400779592,-0.0033324819686818196,0.02918286597647774,0.024998030478492774,-0.0357742841662623,0.06077231464475508,2.082465604774369,0.02585038400779592,-1.0,0.22853238913738091,0.27,False,0.11270338113747871,0.04807266968418574,0.06463071145329297
OC2__61,61,OC2,12,199,12,3.1009914147743163,3.0833333333333335,2.1666666666666665,0.4990895467852138,0.080472970847944,0.41861657593726975,0.4177973884110526,-0.10430437977016384,0.5221017681812165,1.2472075837232353,0.4990895467852138,,,,False,,,
OC2__OC1,OC1,OC2,144,209,144,4.374610747541316,5.3125,4.833333333333333,0.4310279043705406,-0.14451818843464495,0.5755460928051855,0.3731577234820869,-0.07639825679298289,0.4495559802750698,0.781094661044356,0.4310279043705406,1.0,0.22463638133569455,0.062,False,0.06321162625968114,0.056468830048863945,0.006742796210817199
OC3__31,31,OC3,85,172,85,2.954249481340156,4.4,2.6588235294117646,-0.06356846301372857,-0.12730599467211381,0.06373753165838525,-0.03788765976648066,-0.2513005801938836,0.21341292042740295,3.3483085220688267,-0.06356846301372857,3.0,-0.14549131754429862,0.824,False,0.06387749277674785,0.07295756707849069,-0.009080074301742833
OC3__34A,34A,OC3,29,218,29,3.031263488136909,2.8620689655172415,2.1724137931034484,-0.049927387530333274,0.08423876160414104,-0.1341661491344743,-0.04776991031813843,0.026691995038679382,-0.07446190535681782,0.5549977087155188,-0.049927387530333274,4.0,0.41871983709250254,0.384,False,0.18118734658656538,0.2509926907642185,-0.0698053441776531
OC3__35,35,OC3,14,153,14,3.098779978450602,2.142857142857143,2.2857142857142856,-0.2113022255854404,-0.0747338820655331,-0.13656834351990732,-0.20610256460276105,-0.2060509746672976,-5.158993546344748e-05,0.0003777591067869056,-0.2113022255854404,-2.0,-0.2055489370107283,0.96,False,,,
OC3__38A,38A,OC3,146,92,146,5.262403568609453,5.904109589041096,8.143835616438356,-0.05896763280039032,-0.052256633921972294,-0.0067109988784180286,-0.06949030759679121,-0.06082017958312618,-0.008670128013665034,1.2919280975515268,-0.05896763280039032,-3.0,0.21495740340057293,0.082,False,0.03334098123504401,0.041804198154687305,-0.008463216919643295
OC3__39A,39A,OC3,218,223,218,4.666842718940768,6.981651376146789,6.178899082568807,0.19939491018508593,0.014793748343651865,0.18460116184143407,0.013650339139518942,0.06437761061051282,-0.05072727147099388,-0.27479389059624026,0.19939491018508593,1.0,0.15880977990296855,0.188,False,0.0543942425544619,0.01494598291047133,0.03944825964399057
OC3__44,44,OC3,40,251,40,3.162764247274361,2.35,2.375,-0.2126289232486047,-0.08128806389538966,-0.13134085935321504,-0.20831964213402765,0.09065576107414527,-0.29897540320817295,2.27633201640731,-0.2126289232486047,4.0,-0.1565057842403758,0.976,False,0.07725606520686006,0.1715268576212779,-0.09427079241441784
OC3__62,62,OC3,30,250,30,3.632182697887984,2.533333333333333,2.8,-0.128258082187792,-0.288122868645956,0.159864786458164,-0.11363394273994314,-0.3130951501663225,0.19946120742637935,1.2476869474853212,-0.128258082187792,-1.0,0.40526627627722334,0.262,False,0.33694413885864716,0.31357537412757236,0.023368764731074798
OC3__OC1,OC1,OC3,173,223,173,4.669054832040283,5.2601156069364166,6.2485549132947975,0.05286438104795642,0.07620582959931656,-0.02334144855136014,-0.0571635439225013,0.033018509338015596,-0.0901820532605169,3.863601398262914,0.05286438104795642,1.0,0.1651916955217615,0.188,False,0.02869941829741583,0.054510130334161584,-0.025810712036745755
OC3__OC2,OC2,OC3,207,190,207,4.757140125033689,5.405797101449275,9.16425120772947,0.15799586941921848,-0.024129296323434798,0.18212516574265328,0.09889969045781524,-0.08004121625768472,0.17894090671549995,0.9825160953777647,0.15799586941921848,-1.0,0.21964337347896296,0.002,True,0.04312991998280139,0.007179554691196115,0.03595036529160528
